{
  "t": 2.259999999999974,
  "finished": 1,
  "map_store_path": "simulation",
  "selected_map": "240389f4fad545559756c43882cec038",
  "init_env_params": "default",
  "init_planning_params": "default",
  "init_control_params": "default",
  "ego": {
    "x": 447.9182156949697,
    "y": 379.95046751002735,
    "yaw": -0.25329423400425277,
    "v": 4.392757633139651,
    "a": 2.0,
    "min_v": 0.0,
    "max_v": 100.0,
    "steer_angle": -0.06196201469154087,
    "max_steer_angle": 0.7148868616168774,
    "acc_dead_time": 0.18,
    "steer_dead_time": 0.18,
    "control_acc": 2.0,
    "control_steer": -0.06160798033537704,
    "width": 1.89,
    "length": 5.1,
    "wheel_base": 3.165,
    "cog_axes_ratio": 0.5,
    "rear_to_rear_axis": 1.0825,
    "front_to_front_axis": 0.6475,
    "track_width": 1.6,
    "v_ch": 32.0,
    "__class__": "tpl.simulation.state.SimEgo"
  },
  "cars": [
    {
      "uuid": "5a9faf308c1e432f9c092bb0eed57178",
      "map_uuid": "d527ffe0e1e8472c9429384d9daf29f5",
      "x": 513.586488705734,
      "y": 333.5427964307805,
      "yaw": -1.7250079694449083,
      "width": 2.0,
      "length": 4.0,
      "v": 5.0,
      "target_v": 5.0,
      "use_route_velocity": 0,
      "react_to_curvature": 0,
      "noise_x": 0.0,
      "noise_y": 0.0,
      "noise_yaw": 0.0,
      "noise_v": 0.0,
      "noise_hull": 0.0,
      "measure_as_track": 0,
      "measure_as_blob": 1,
      "evade": "",
      "__class__": "tpl.simulation.state.SimCar"
    },
    {
      "uuid": "fea39090d8c544fbb9758c0b05cb7d63",
      "map_uuid": "d527ffe0e1e8472c9429384d9daf29f5",
      "x": 467.32768631495594,
      "y": 291.68255419326726,
      "yaw": 3.071854325808319,
      "width": 2.0,
      "length": 4.0,
      "v": 10.0,
      "target_v": 10.0,
      "use_route_velocity": 0,
      "react_to_curvature": 0,
      "noise_x": 1.0,
      "noise_y": 1.0,
      "noise_yaw": 0.1,
      "noise_v": 1.0,
      "noise_hull": 0.0,
      "measure_as_track": 0,
      "measure_as_blob": 1,
      "evade": "",
      "__class__": "tpl.simulation.state.SimCar"
    },
    {
      "uuid": "42336cf0c9534768b9c2e2fd6f60679a",
      "map_uuid": "d527ffe0e1e8472c9429384d9daf29f5",
      "x": 424.5715038016401,
      "y": 313.2417607512343,
      "yaw": 2.210655583165152,
      "width": 2.0,
      "length": 4.0,
      "v": 10.0,
      "target_v": 10.0,
      "use_route_velocity": 0,
      "react_to_curvature": 0,
      "noise_x": 1.0,
      "noise_y": 1.0,
      "noise_yaw": 0.1,
      "noise_v": 1.0,
      "noise_hull": 0.0,
      "measure_as_track": 1,
      "measure_as_blob": 0,
      "evade": "",
      "__class__": "tpl.simulation.state.SimCar"
    },
    {
      "uuid": "bc9ea76dd3ba44c6b594ce3e5e5aa74a",
      "map_uuid": "d527ffe0e1e8472c9429384d9daf29f5",
      "x": 492.5570727118555,
      "y": 297.58422655071973,
      "yaw": -2.5714907969553034,
      "width": 2.0,
      "length": 4.0,
      "v": 15.0,
      "target_v": 15.0,
      "use_route_velocity": 0,
      "react_to_curvature": 0,
      "noise_x": 1.0,
      "noise_y": 1.0,
      "noise_yaw": 0.1,
      "noise_v": 1.0,
      "noise_hull": 0.0,
      "measure_as_track": 1,
      "measure_as_blob": 0,
      "evade": "",
      "__class__": "tpl.simulation.state.SimCar"
    },
    {
      "uuid": "5d29c89d0e114110bd94d3279f6b0d86",
      "map_uuid": "d527ffe0e1e8472c9429384d9daf29f5",
      "x": 485.21964104588625,
      "y": 293.95549828782424,
      "yaw": -2.8038361334097,
      "width": 2.0,
      "length": 4.0,
      "v": 25.0,
      "target_v": 25.0,
      "use_route_velocity": 0,
      "react_to_curvature": 0,
      "noise_x": 0.0,
      "noise_y": 0.0,
      "noise_yaw": 0.0,
      "noise_v": 0.0,
      "noise_hull": 0.0,
      "measure_as_track": 1,
      "measure_as_blob": 0,
      "evade": "",
      "__class__": "tpl.simulation.state.SimCar"
    }
  ],
  "traffic_lights": [],
  "time_constraints": [],
  "rule_checker": {
    "off_road_dist_limit": 3.0,
    "v_max_tol": 1.0,
    "__class__": "tpl.simulation.state.SimRuleChecker"
  },
  "settings": {
    "running": 0,
    "reload_requested": 0,
    "single_step_requested": 0,
    "reload_if_finished": 0,
    "update_env_time": 1,
    "update_env_vehicle_state": 1,
    "update_env_dynamic_objects": 1,
    "update_env_dynamic_objects_dt": 0.2,
    "int_step": 0.005,
    "use_real_time": 1,
    "fixed_time_step": 0.01,
    "__class__": "tpl.simulation.state.SimSettings"
  },
  "__class__": "tpl.simulation.state.SimState"
}