{
  "t": 2.4199999999999706,
  "finished": 0,
  "map_store_path": "simulation",
  "selected_map": "31f7b223b1b846048c12ea1e34047614",
  "init_env_params": "default",
  "init_planning_params": "default",
  "init_control_params": "default",
  "ego": {
    "x": -42.111349116783366,
    "y": 0.07456448043256446,
    "yaw": -0.010023472346775364,
    "v": 6.527095642908544,
    "a": -0.13941686557277946,
    "min_v": 0.0,
    "max_v": 100.0,
    "steer_angle": 0.003378432020139584,
    "max_steer_angle": 0.7148868616168774,
    "acc_dead_time": 0.0,
    "steer_dead_time": 0.0,
    "control_acc": -0.1441805753803054,
    "control_steer": 0.003376589561747555,
    "width": 1.89,
    "length": 5.1,
    "wheel_base": 3.165,
    "cog_axes_ratio": 0.5,
    "rear_to_rear_axis": 1.0825,
    "front_to_front_axis": 0.6475,
    "track_width": 1.6,
    "v_ch": 32.0,
    "__class__": "tpl.simulation.state.SimEgo"
  },
  "cars": [
    {
      "uuid": "9053e80f947b4f3b9d3330b3157900bd",
      "map_uuid": "c9d4d429fd1245898b5c4159644d8f4b",
      "x": -2.0,
      "y": 63.720522426470694,
      "yaw": -1.5707963267948966,
      "width": 2.0,
      "length": 4.0,
      "v": 3.0,
      "target_v": 3.0,
      "use_route_velocity": 0,
      "react_to_curvature": 0,
      "noise_x": 0.0,
      "noise_y": 0.0,
      "noise_yaw": 0.0,
      "noise_v": 0.0,
      "noise_hull": 0.0,
      "measure_as_track": 1,
      "measure_as_blob": 0,
      "evade": "",
      "__class__": "tpl.simulation.state.SimCar"
    },
    {
      "uuid": "4954a7cac5a74c418108475ced2f40e6",
      "map_uuid": "29a91bc17002424d8ca83912896e118b",
      "x": 2.0,
      "y": 22.862641992039375,
      "yaw": 1.5707963267948966,
      "width": 2.0,
      "length": 4.0,
      "v": 10.0,
      "target_v": 10.0,
      "use_route_velocity": 0,
      "react_to_curvature": 0,
      "noise_x": 0.0,
      "noise_y": 0.0,
      "noise_yaw": 0.0,
      "noise_v": 0.0,
      "noise_hull": 0.0,
      "measure_as_track": 1,
      "measure_as_blob": 0,
      "evade": "",
      "__class__": "tpl.simulation.state.SimCar"
    },
    {
      "uuid": "bbbf700732134cd68d5e2b8ef166c820",
      "map_uuid": "c9d4d429fd1245898b5c4159644d8f4b",
      "x": -2.0,
      "y": 18.41472339318384,
      "yaw": -1.5707963267948966,
      "width": 2.0,
      "length": 4.0,
      "v": 10.0,
      "target_v": 10.0,
      "use_route_velocity": 0,
      "react_to_curvature": 0,
      "noise_x": 0.0,
      "noise_y": 0.0,
      "noise_yaw": 0.0,
      "noise_v": 0.0,
      "noise_hull": 0.0,
      "measure_as_track": 1,
      "measure_as_blob": 0,
      "evade": "",
      "__class__": "tpl.simulation.state.SimCar"
    },
    {
      "uuid": "1304504adf4b4c66a8091aff50028789",
      "map_uuid": "29a91bc17002424d8ca83912896e118b",
      "x": 2.0,
      "y": 30.561312144056917,
      "yaw": 1.5707963267948966,
      "width": 2.0,
      "length": 4.0,
      "v": 10.0,
      "target_v": 10.0,
      "use_route_velocity": 0,
      "react_to_curvature": 0,
      "noise_x": 0.0,
      "noise_y": 0.0,
      "noise_yaw": 0.0,
      "noise_v": 0.0,
      "noise_hull": 0.0,
      "measure_as_track": 1,
      "measure_as_blob": 0,
      "evade": "",
      "__class__": "tpl.simulation.state.SimCar"
    }
  ],
  "traffic_lights": [],
  "time_constraints": [],
  "rule_checker": {
    "off_road_dist_limit": 1.0,
    "v_max_tol": 1.0,
    "__class__": "tpl.simulation.state.SimRuleChecker"
  },
  "settings": {
    "running": 0,
    "reload_requested": 0,
    "single_step_requested": 0,
    "reload_if_finished": 0,
    "update_env_time": 1,
    "update_env_vehicle_state": 1,
    "update_env_dynamic_objects": 1,
    "update_env_dynamic_objects_dt": 0.01,
    "int_step": 0.005,
    "use_real_time": 1,
    "fixed_time_step": 0.01,
    "__class__": "tpl.simulation.state.SimSettings"
  },
  "__class__": "tpl.simulation.state.SimState"
}