{
  "t": 0.0,
  "finished": 0,
  "map_store_path": "ulm",
  "selected_map": "0806b25ce7a3493c919126d7fe86bea1",
  "init_env_params": "default",
  "init_planning_params": "default",
  "init_control_params": "default",
  "ego": {
    "x": 569747.0898620598,
    "y": 5365149.263152826,
    "yaw": -0.5181198112076526,
    "v": 8.265658362267708,
    "a": -0.11754001760987744,
    "min_v": 0.0,
    "max_v": 100.0,
    "steer_angle": 0.0018947155993197932,
    "max_steer_angle": 0.7148868616168774,
    "acc_dead_time": 0.18,
    "steer_dead_time": 0.18,
    "control_acc": -0.4936152697030744,
    "control_steer": -0.07152762999811939,
    "width": 1.89,
    "length": 5.1,
    "wheel_base": 3.165,
    "cog_axes_ratio": 0.5,
    "rear_to_rear_axis": 1.0825,
    "front_to_front_axis": 0.6475,
    "track_width": 1.6,
    "v_ch": 32.0,
    "__class__": "tpl.simulation.state.SimEgo"
  },
  "cars": [
    {
      "uuid": "550e5b5c08444dc7891c8e13c079384e",
      "map_uuid": "1f7fc0cd99a54c319fcfa9708c547855",
      "x": 569820.3446849171,
      "y": 5365172.467305133,
      "yaw": -2.86232831660012,
      "width": 2.0,
      "length": 4.0,
      "proj": null,
      "reverse": 0,
      "v": 11.302455228519584,
      "target_v": 27.0,
      "target_change_dt": -1.0,
      "target_last_change_t": 0.0,
      "target_v_low": 5.0,
      "target_v_high": 20.0,
      "use_route_velocity": 0,
      "react_to_curvature": 0,
      "use_idm": 1,
      "params_idm": {
        "time_headway": 1.5,
        "gap_min": 2.0,
        "a": 1.5,
        "b": 3.0,
        "delta": 4.0,
        "__class__": "tpl.simulation.state.SimIdmParams"
      },
      "noise_x": 0.0,
      "noise_y": 0.0,
      "noise_yaw": 0.0,
      "noise_v": 0.0,
      "noise_hull": 0.0,
      "evade": "",
      "__class__": "tpl.simulation.state.SimCar"
    },
    {
      "uuid": "0946ce086c7342c49b7c17c87c8f04df",
      "map_uuid": "1f7fc0cd99a54c319fcfa9708c547855",
      "x": 569859.1467094804,
      "y": 5365104.364354529,
      "yaw": -2.971966390779571,
      "width": 2.0,
      "length": 4.0,
      "proj": null,
      "reverse": 0,
      "v": 11.302455228519584,
      "target_v": 27.0,
      "target_change_dt": -1.0,
      "target_last_change_t": 0.0,
      "target_v_low": 5.0,
      "target_v_high": 20.0,
      "use_route_velocity": 0,
      "react_to_curvature": 0,
      "use_idm": 1,
      "params_idm": {
        "time_headway": 1.5,
        "gap_min": 2.0,
        "a": 1.5,
        "b": 3.0,
        "delta": 4.0,
        "__class__": "tpl.simulation.state.SimIdmParams"
      },
      "noise_x": 0.0,
      "noise_y": 0.0,
      "noise_yaw": 0.0,
      "noise_v": 0.0,
      "noise_hull": 0.0,
      "evade": "",
      "__class__": "tpl.simulation.state.SimCar"
    },
    {
      "uuid": "ce88b14f0762448caae15bbbcad9f645",
      "map_uuid": "3fa0b444621841db8d39bc03c1bc9bd7",
      "x": 569690.9040022438,
      "y": 5365056.268366117,
      "yaw": 0.3534054682169322,
      "width": 2.0,
      "length": 4.0,
      "proj": null,
      "reverse": 0,
      "v": 11.302455228519584,
      "target_v": 27.0,
      "target_change_dt": -1.0,
      "target_last_change_t": 0.0,
      "target_v_low": 5.0,
      "target_v_high": 20.0,
      "use_route_velocity": 0,
      "react_to_curvature": 0,
      "use_idm": 1,
      "params_idm": {
        "time_headway": 1.5,
        "gap_min": 2.0,
        "a": 1.5,
        "b": 3.0,
        "delta": 4.0,
        "__class__": "tpl.simulation.state.SimIdmParams"
      },
      "noise_x": 0.0,
      "noise_y": 0.0,
      "noise_yaw": 0.0,
      "noise_v": 0.0,
      "noise_hull": 0.0,
      "evade": "",
      "__class__": "tpl.simulation.state.SimCar"
    },
    {
      "uuid": "73d73baa380547c8aa3cf29f8f30639d",
      "map_uuid": "3fa0b444621841db8d39bc03c1bc9bd7",
      "x": 569601.4831634393,
      "y": 5364971.240111439,
      "yaw": 0.5753288445774632,
      "width": 2.0,
      "length": 4.0,
      "proj": null,
      "reverse": 0,
      "v": 11.302455228519584,
      "target_v": 20.0,
      "target_change_dt": -1.0,
      "target_last_change_t": 0.0,
      "target_v_low": 5.0,
      "target_v_high": 20.0,
      "use_route_velocity": 0,
      "react_to_curvature": 0,
      "use_idm": 1,
      "params_idm": {
        "time_headway": 1.5,
        "gap_min": 2.0,
        "a": 1.5,
        "b": 3.0,
        "delta": 4.0,
        "__class__": "tpl.simulation.state.SimIdmParams"
      },
      "noise_x": 0.0,
      "noise_y": 0.0,
      "noise_yaw": 0.0,
      "noise_v": 0.0,
      "noise_hull": 0.0,
      "evade": "",
      "__class__": "tpl.simulation.state.SimCar"
    },
    {
      "uuid": "2b3d3f3a69d44dc987351e1070453e48",
      "map_uuid": "3fa0b444621841db8d39bc03c1bc9bd7",
      "x": 569527.6013541747,
      "y": 5364955.249319342,
      "yaw": 0.6535604303676451,
      "width": 2.0,
      "length": 4.0,
      "proj": null,
      "reverse": 0,
      "v": 11.302455228519584,
      "target_v": 27.0,
      "target_change_dt": -1.0,
      "target_last_change_t": 0.0,
      "target_v_low": 5.0,
      "target_v_high": 20.0,
      "use_route_velocity": 0,
      "react_to_curvature": 0,
      "use_idm": 1,
      "params_idm": {
        "time_headway": 1.5,
        "gap_min": 2.0,
        "a": 1.5,
        "b": 3.0,
        "delta": 4.0,
        "__class__": "tpl.simulation.state.SimIdmParams"
      },
      "noise_x": 0.0,
      "noise_y": 0.0,
      "noise_yaw": 0.0,
      "noise_v": 0.0,
      "noise_hull": 0.0,
      "evade": "",
      "__class__": "tpl.simulation.state.SimCar"
    }
  ],
  "traffic_lights": [],
  "time_constraints": [],
  "rule_checker": {
    "enable": 0,
    "off_road_dist_limit": 1.0,
    "v_max_tol": 1.0,
    "violations": [],
    "__class__": "tpl.simulation.state.SimRuleChecker"
  },
  "settings": {
    "running": 0,
    "reload_requested": 0,
    "single_step_requested": 0,
    "reload_if_finished": 1,
    "use_real_time": 1,
    "fixed_time_step": 0.01,
    "int_step": 0.005,
    "update_logic": 1,
    "update_vehicle_state": 1,
    "update_dynamic_objects": 1,
    "set_env_time": 1,
    "set_env_vehicle_state": 1,
    "set_env_dynamic_objects": 1,
    "set_env_dynamic_objects_dt": 0.1,
    "set_env_traffic_lights": 1,
    "set_env_time_constraints": 1,
    "__class__": "tpl.simulation.state.SimSettings"
  },
  "__class__": "tpl.simulation.state.SimState"
}