{
  "t": 0.0,
  "finished": 1,
  "map_store_path": "acc_2024",
  "selected_map": "lehr",
  "init_env_params": "default",
  "init_planning_params": "acc_2024",
  "init_control_params": "acc_2024",
  "ego": {
    "x": 571189.7611378991,
    "y": 5364665.993676375,
    "yaw": 0.15830316127926736,
    "v": 8.344264964252401,
    "a": -0.346960030717333,
    "min_v": 0.0,
    "max_v": 100.0,
    "steer_angle": 0.014733536902837302,
    "max_steer_angle": 0.7148868616168774,
    "acc_dead_time": 0.0,
    "steer_dead_time": 0.0,
    "control_acc": -0.34804542266885713,
    "control_steer": 0.014817324278635883,
    "width": 1.89,
    "length": 5.1,
    "wheel_base": 3.165,
    "cog_axes_ratio": 0.5,
    "rear_to_rear_axis": 1.0825,
    "front_to_front_axis": 0.6475,
    "track_width": 1.6,
    "v_ch": 32.0,
    "__class__": "tpl.simulation.state.SimEgo"
  },
  "cars": [
    {
      "uuid": "619e1966f97a43d4941c8872d7de5d0f",
      "map_uuid": "",
      "x": 571222.8503671234,
      "y": 5364667.713365476,
      "yaw": -0.2800181545880392,
      "width": 2.0,
      "length": 4.0,
      "v": 0.0,
      "target_v": 0.0,
      "use_route_velocity": 0,
      "react_to_curvature": 0,
      "noise_x": 0.0,
      "noise_y": 0.0,
      "noise_yaw": 0.0,
      "noise_v": 0.0,
      "noise_hull": 0.0,
      "measure_as_track": 1,
      "measure_as_blob": 0,
      "evade": "left",
      "__class__": "tpl.simulation.state.SimCar"
    },
    {
      "uuid": "e0122272fb8d42fda94f3b83677ca377",
      "map_uuid": "",
      "x": 571235.7277549345,
      "y": 5364666.152469983,
      "yaw": 0.007238209336998703,
      "width": 2.0,
      "length": 4.0,
      "v": 0.0,
      "target_v": 0.0,
      "use_route_velocity": 0,
      "react_to_curvature": 0,
      "noise_x": 0.0,
      "noise_y": 0.0,
      "noise_yaw": 0.0,
      "noise_v": 0.0,
      "noise_hull": 0.0,
      "measure_as_track": 1,
      "measure_as_blob": 0,
      "evade": "right",
      "__class__": "tpl.simulation.state.SimCar"
    },
    {
      "uuid": "38148e568f854a9682a409812f9caf5f",
      "map_uuid": "",
      "x": 571249.580416256,
      "y": 5364673.010768313,
      "yaw": 0.6656300838389854,
      "width": 2.0,
      "length": 4.0,
      "v": 0.0,
      "target_v": 0.0,
      "use_route_velocity": 0,
      "react_to_curvature": 0,
      "noise_x": 0.0,
      "noise_y": 0.0,
      "noise_yaw": 0.0,
      "noise_v": 0.0,
      "noise_hull": 0.0,
      "measure_as_track": 1,
      "measure_as_blob": 0,
      "evade": "left",
      "__class__": "tpl.simulation.state.SimCar"
    }
  ],
  "traffic_lights": [],
  "time_constraints": [],
  "rule_checker": {
    "off_road_dist_limit": 4.0,
    "v_max_tol": 1.0,
    "__class__": "tpl.simulation.state.SimRuleChecker"
  },
  "settings": {
    "running": 1,
    "reload_requested": 0,
    "single_step_requested": 0,
    "reload_if_finished": 0,
    "update_env_time": 1,
    "update_env_vehicle_state": 1,
    "update_env_dynamic_objects": 1,
    "update_env_dynamic_objects_dt": 0.01,
    "int_step": 0.005,
    "use_real_time": 1,
    "fixed_time_step": 0.01,
    "__class__": "tpl.simulation.state.SimSettings"
  },
  "__class__": "tpl.simulation.state.SimState"
}