{
  "t": 1.8699999999999821,
  "finished": 0,
  "map_store_path": "simulation",
  "selected_map": "31f7b223b1b846048c12ea1e34047614",
  "init_env_params": "default",
  "init_planning_params": "default",
  "init_control_params": "default",
  "ego": {
    "x": 47.208678138635044,
    "y": -0.008764487459062574,
    "yaw": -0.002509270775632899,
    "v": 6.234109736529219,
    "a": 0.17108512356050923,
    "min_v": 0.0,
    "max_v": 100.0,
    "steer_angle": 0.006200357130616918,
    "max_steer_angle": 0.7148868616168774,
    "acc_dead_time": 0.0,
    "steer_dead_time": 0.0,
    "control_acc": 0.16543699175678833,
    "control_steer": 0.006084009037980279,
    "width": 1.89,
    "length": 5.1,
    "wheel_base": 3.165,
    "cog_axes_ratio": 0.5,
    "rear_to_rear_axis": 1.0825,
    "front_to_front_axis": 0.6475,
    "track_width": 1.6,
    "v_ch": 32.0,
    "__class__": "tpl.simulation.state.SimEgo"
  },
  "cars": [
    {
      "uuid": "9053e80f947b4f3b9d3330b3157900bd",
      "map_uuid": "",
      "x": 98.06345731018831,
      "y": -1.657317559322387,
      "yaw": -1.5707963267948966,
      "width": 2.0,
      "length": 4.0,
      "v": 3.0,
      "target_v": 3.0,
      "use_route_velocity": 0,
      "react_to_curvature": 0,
      "noise_x": 0.0,
      "noise_y": 0.0,
      "noise_yaw": 0.0,
      "noise_v": 0.0,
      "noise_hull": 0.0,
      "measure_as_track": 1,
      "measure_as_blob": 0,
      "evade": "",
      "__class__": "tpl.simulation.state.SimCar"
    },
    {
      "uuid": "4954a7cac5a74c418108475ced2f40e6",
      "map_uuid": "",
      "x": 102.05738630927641,
      "y": 46.57762188046499,
      "yaw": 1.5707963267948966,
      "width": 2.0,
      "length": 4.0,
      "v": 10.0,
      "target_v": 10.0,
      "use_route_velocity": 0,
      "react_to_curvature": 0,
      "noise_x": 0.0,
      "noise_y": 0.0,
      "noise_yaw": 0.0,
      "noise_v": 0.0,
      "noise_hull": 0.0,
      "measure_as_track": 1,
      "measure_as_blob": 0,
      "evade": "",
      "__class__": "tpl.simulation.state.SimCar"
    },
    {
      "uuid": "bbbf700732134cd68d5e2b8ef166c820",
      "map_uuid": "",
      "x": 98.04151797753698,
      "y": 37.32223580555986,
      "yaw": -1.5707963267948966,
      "width": 2.0,
      "length": 4.0,
      "v": 10.0,
      "target_v": 10.0,
      "use_route_velocity": 0,
      "react_to_curvature": 0,
      "noise_x": 0.0,
      "noise_y": 0.0,
      "noise_yaw": 0.0,
      "noise_v": 0.0,
      "noise_hull": 0.0,
      "measure_as_track": 1,
      "measure_as_blob": 0,
      "evade": "",
      "__class__": "tpl.simulation.state.SimCar"
    },
    {
      "uuid": "1304504adf4b4c66a8091aff50028789",
      "map_uuid": "",
      "x": 102.0166437931837,
      "y": 7.706807551162971,
      "yaw": 1.5707963267948966,
      "width": 2.0,
      "length": 4.0,
      "v": 10.0,
      "target_v": 10.0,
      "use_route_velocity": 0,
      "react_to_curvature": 0,
      "noise_x": 0.0,
      "noise_y": 0.0,
      "noise_yaw": 0.0,
      "noise_v": 0.0,
      "noise_hull": 0.0,
      "measure_as_track": 1,
      "measure_as_blob": 0,
      "evade": "",
      "__class__": "tpl.simulation.state.SimCar"
    }
  ],
  "traffic_lights": [
    {
      "uuid": "23a42cecf1894bfba0af04e46b6f21b7",
      "x": 93.96722105446823,
      "y": -4.008287943976617,
      "state": 0,
      "__class__": "tpl.simulation.state.SimTrafficLight"
    }
  ],
  "time_constraints": [],
  "rule_checker": {
    "off_road_dist_limit": 1.0,
    "v_max_tol": 1.0,
    "__class__": "tpl.simulation.state.SimRuleChecker"
  },
  "settings": {
    "running": 0,
    "reload_requested": 0,
    "single_step_requested": 0,
    "reload_if_finished": 0,
    "update_env_time": 1,
    "update_env_vehicle_state": 1,
    "update_env_dynamic_objects": 1,
    "update_env_dynamic_objects_dt": 0.01,
    "int_step": 0.005,
    "use_real_time": 0,
    "fixed_time_step": 0.01,
    "__class__": "tpl.simulation.state.SimSettings"
  },
  "manager": {
    "red_phase": 6.122493335345834,
    "yellow_phase": 9.072084252867212,
    "__class__": "types.SimpleNamespace"
  },
  "__class__": "tpl.simulation.state.SimState"
}