{
  "t": 13.62000000000073,
  "finished": 0,
  "map_store_path": "simulation",
  "selected_map": "31f7b223b1b846048c12ea1e34047614",
  "init_env_params": "default",
  "init_planning_params": "default",
  "init_control_params": "default",
  "ego": {
    "x": 8.003790563803046,
    "y": 1.5065400800787059e-05,
    "yaw": 6.977865423252183e-07,
    "v": 8.417755832724364,
    "a": 1.3937812224347257,
    "min_v": 0.0,
    "max_v": 100.0,
    "steer_angle": -2.5245639951797055e-06,
    "max_steer_angle": 0.7148868616168774,
    "acc_dead_time": 0.0,
    "steer_dead_time": 0.0,
    "control_acc": 1.3927529576215145,
    "control_steer": -2.488717635346685e-06,
    "width": 1.89,
    "length": 5.1,
    "wheel_base": 3.165,
    "cog_axes_ratio": 0.5,
    "rear_to_rear_axis": 1.0825,
    "front_to_front_axis": 0.6475,
    "track_width": 1.6,
    "v_ch": 32.0,
    "__class__": "tpl.simulation.state.SimEgo"
  },
  "cars": [
    {
      "uuid": "9053e80f947b4f3b9d3330b3157900bd",
      "map_uuid": "c9d4d429fd1245898b5c4159644d8f4b",
      "x": -2.0,
      "y": 38.05987807151979,
      "yaw": -1.5707963267948966,
      "width": 2.0,
      "length": 4.0,
      "v": 3.0,
      "target_v": 3.0,
      "use_route_velocity": 0,
      "react_to_curvature": 0,
      "noise_x": 0.1,
      "noise_y": 0.1,
      "noise_yaw": 0.1,
      "noise_v": 0.1,
      "noise_hull": 0.0,
      "measure_as_track": 1,
      "measure_as_blob": 0,
      "evade": "",
      "__class__": "tpl.simulation.state.SimCar"
    },
    {
      "uuid": "4954a7cac5a74c418108475ced2f40e6",
      "map_uuid": "29a91bc17002424d8ca83912896e118b",
      "x": 2.0,
      "y": 80.97499326516623,
      "yaw": 1.5707963267948966,
      "width": 2.0,
      "length": 4.0,
      "v": 10.0,
      "target_v": 10.0,
      "use_route_velocity": 0,
      "react_to_curvature": 0,
      "noise_x": 0.1,
      "noise_y": 0.1,
      "noise_yaw": 0.1,
      "noise_v": 0.1,
      "noise_hull": 0.0,
      "measure_as_track": 1,
      "measure_as_blob": 0,
      "evade": "",
      "__class__": "tpl.simulation.state.SimCar"
    },
    {
      "uuid": "bbbf700732134cd68d5e2b8ef166c820",
      "map_uuid": "c9d4d429fd1245898b5c4159644d8f4b",
      "x": -2.0,
      "y": -43.899190500951946,
      "yaw": -1.5707963267948966,
      "width": 2.0,
      "length": 4.0,
      "v": 10.0,
      "target_v": 10.0,
      "use_route_velocity": 0,
      "react_to_curvature": 0,
      "noise_x": 0.1,
      "noise_y": 0.1,
      "noise_yaw": 0.1,
      "noise_v": 0.1,
      "noise_hull": 0.0,
      "measure_as_track": 1,
      "measure_as_blob": 0,
      "evade": "",
      "__class__": "tpl.simulation.state.SimCar"
    },
    {
      "uuid": "1304504adf4b4c66a8091aff50028789",
      "map_uuid": "29a91bc17002424d8ca83912896e118b",
      "x": 2.0,
      "y": 95.68025893067312,
      "yaw": 1.5707963267948966,
      "width": 2.0,
      "length": 4.0,
      "v": 10.0,
      "target_v": 10.0,
      "use_route_velocity": 0,
      "react_to_curvature": 0,
      "noise_x": 0.1,
      "noise_y": 0.1,
      "noise_yaw": 0.1,
      "noise_v": 0.1,
      "noise_hull": 0.0,
      "measure_as_track": 1,
      "measure_as_blob": 0,
      "evade": "",
      "__class__": "tpl.simulation.state.SimCar"
    }
  ],
  "traffic_lights": [],
  "time_constraints": [],
  "rule_checker": {
    "off_road_dist_limit": 1.0,
    "v_max_tol": 1.0,
    "__class__": "tpl.simulation.state.SimRuleChecker"
  },
  "settings": {
    "running": 0,
    "reload_requested": 0,
    "single_step_requested": 0,
    "reload_if_finished": 0,
    "update_env_time": 1,
    "update_env_vehicle_state": 1,
    "update_env_dynamic_objects": 1,
    "update_env_dynamic_objects_dt": 0.01,
    "int_step": 0.005,
    "use_real_time": 1,
    "fixed_time_step": 0.01,
    "__class__": "tpl.simulation.state.SimSettings"
  },
  "__class__": "tpl.simulation.state.SimState"
}